configuration,ndcg_at_10,median_ms,p95_ms,delta_vs_best_single,ci95_low,ci95_high
dense,0.6011147633939188,2.803556000003482,3.4391500500078105,-0.05082519428326293,-0.10846110827894889,0.006475763119573215
sparse,0.6519399576771817,1.7856460000302832,2.0784476998983337,0.0,0.0,0.0
dbsf_depth50,0.6880054182553568,3.835243000025912,5.438586850016234,0.03606546057817506,0.007983005987251436,0.06723016965691359
rrf_k2_w1-1_depth50,0.6639026335977868,3.3830785000645847,4.565871499949024,0.01196267592060507,-0.016508030565541985,0.04303903892279861
rrf_k2_w2-1_depth50,0.655554715947333,3.8267969998742046,5.989076950118032,0.0036147582701513414,-0.028423835867351067,0.039846061971289086
rrf_k2_w1-2_depth50,0.6707241670383172,4.247629500014227,6.106847950002244,0.01878420936113545,-0.0011037240331068685,0.04128244032851946
rrf_k5_w1-1_depth50,0.6792365185338862,4.063596500031963,5.273143900046762,0.02729656085670451,-0.004749958510972222,0.06157047690380022
rrf_k5_w2-1_depth50,0.6775250423939512,3.389575999904082,4.522882850005771,0.025585084716769457,-0.006948061419797702,0.0582574931975695
rrf_k5_w1-2_depth50,0.6694711607473564,3.7890405000098326,5.265565849867922,0.01753120307017464,-0.013494444929752474,0.049599370411795296
rrf_k20_w1-1_depth50,0.6662810546547872,3.6908884999320435,4.78855974996577,0.014341096977605439,-0.02033005117448624,0.0499869492393711
rrf_k20_w2-1_depth50,0.668062371638835,3.5556875000111177,5.362397700037034,0.01612241396165326,-0.01485002679263049,0.04738779350558599
rrf_k20_w1-2_depth50,0.6585128023030379,3.182615000014266,3.945772750012111,0.006572844625856167,-0.029142787678376216,0.04364708404119592
rrf_k61_w1-1_depth50,0.6588736933970322,3.101686000036352,4.2815560000235555,0.0069337357198504534,-0.02799814315973288,0.042815233450492325
rrf_k61_w2-1_depth50,0.6643315139924685,3.181560499911029,4.019243650031967,0.012391556315286767,-0.018904876082330293,0.04347182725214833
rrf_k61_w1-2_depth50,0.6549771297788176,3.454102499972578,5.060007450015288,0.003037172101635899,-0.033957201639535195,0.04135372447267327
dbsf_depth200,0.6878863517633016,4.492940499972065,7.000460150084103,0.03594639408611988,0.008897133341470296,0.06418510595704532
rrf_k2_w1-1_depth200,0.6673938725845036,4.653196500044032,5.601749649929388,0.015453914907321842,-0.010884691249811578,0.044958874368338834
rrf_k2_w2-1_depth200,0.6573965012243197,4.458586499936246,5.61381565001966,0.005456543547137982,-0.02774310984438238,0.042666493018803535
rrf_k2_w1-2_depth200,0.6676451481708631,4.092257499905827,4.957320649896245,0.015705190493681354,-0.005547850715166408,0.03876825418558446
rrf_k5_w1-1_depth200,0.6755280853723131,4.304845999968165,4.743353899914382,0.02358812769513141,-0.0066556555358169255,0.05654190295332921
rrf_k5_w2-1_depth200,0.6713172255208004,4.515884499824097,5.282267250140648,0.019377267843618706,-0.012128678416670754,0.053177345014838555
rrf_k5_w1-2_depth200,0.6717848353647383,4.758810000112135,6.439147849982873,0.019844877687556606,-0.01137801055451748,0.0538129956765868
rrf_k20_w1-1_depth200,0.6734545924417885,5.490479999821218,7.79901919988788,0.0215146347646068,-0.012896260310950813,0.05783462736204428
rrf_k20_w2-1_depth200,0.6715631568368919,5.415419499968266,7.81327635004345,0.019623199159710225,-0.01128571877980249,0.050987458456507685
rrf_k20_w1-2_depth200,0.6545997987252515,5.502159999991818,7.634024600008615,0.002659841048069822,-0.03532216810394835,0.04152179900025939
rrf_k61_w1-1_depth200,0.6628965816482174,5.654749000086667,7.695170849922306,0.010956623971035695,-0.028760906665680753,0.05038457149238663
rrf_k61_w2-1_depth200,0.6567953724530168,4.896667499906471,5.65297860002829,0.004855414775835065,-0.029447296008623947,0.037871354920018856
rrf_k61_w1-2_depth200,0.6478436499626606,5.514236000067285,7.070228649945419,-0.004096307714521075,-0.04699385610773009,0.03886522184202063
