name,mean_ndcg,median_ms,p95_ms,delta_vs_best_single,ci95_lower,ci95_upper
dense,0.717046249094286,1.4212070000070298,2.7911849499929526,-0.1813075414009674,-0.3365754216324953,-0.028490816844088013
sparse,0.8983537904952534,1.9415035000065473,2.9368511000058106,0.0,0.0,0.0
dbsf_depth10,0.8983537904952534,1.5036835000046267,2.2836995000062643,0.0,0.0,0.0
rrf_k2_w1-1_depth10,0.905191185317659,1.4646375000069156,1.585729449995199,0.006837394822405529,-0.045074458354183354,0.06667539124561556
rrf_k2_w2-1_depth10,0.8792352587293645,1.445607999997378,1.555514250003398,-0.019118531765888958,-0.0631042416958567,0.032793321410699995
rrf_k2_w1-2_depth10,0.9152948254127112,1.4830869999968854,1.722859100013352,0.016941034917457798,0.0,0.05082310475237334
rrf_k5_w1-1_depth10,0.8814127555777956,1.5209539999858634,2.3180136500016597,-0.016941034917457798,-0.06776413966983112,0.03388206983491556
rrf_k5_w2-1_depth10,0.8644717206603377,2.172625000000039,3.00160275000394,-0.03388206983491571,-0.08470517458728889,0.0
rrf_k5_w1-2_depth10,0.8983537904952534,2.424033500005862,2.9991490500108853,0.0,-0.06776413966983112,0.06776413966983112
rrf_k20_w1-1_depth10,0.8814127555777956,2.3528665000043247,3.0440902499904605,-0.016941034917457798,-0.06776413966983112,0.03388206983491556
rrf_k20_w2-1_depth10,0.8644717206603377,2.132313000018371,17.685945550007865,-0.03388206983491571,-0.08470517458728889,0.0
rrf_k20_w1-2_depth10,0.8983537904952534,2.0826655000121264,2.595522399995786,0.0,-0.06776413966983112,0.06776413966983112
rrf_k61_w1-1_depth10,0.8983537904952534,2.1561989999980824,2.868049899993252,0.0,-0.06776413966983112,0.06776413966983112
rrf_k61_w2-1_depth10,0.8644717206603377,1.808241499986707,2.6864888500170987,-0.03388206983491571,-0.08470517458728889,0.0
rrf_k61_w1-2_depth10,0.8983537904952534,1.4259215000009817,1.623776049996195,0.0,-0.06776413966983112,0.06776413966983112
dbsf_depth20,0.8983537904952534,1.6380680000054326,2.369106250003483,0.0,0.0,0.0
rrf_k2_w1-1_depth20,0.888250150400201,1.485645000002478,1.8111449500167962,-0.01010364009505238,-0.05408935002502002,0.03388206983491556
rrf_k2_w2-1_depth20,0.8792352587293645,1.4473874999936243,1.5546765500090487,-0.019118531765888958,-0.0631042416958567,0.032793321410699995
rrf_k2_w1-2_depth20,0.9152948254127112,1.4008694999887439,1.5869417500155691,0.016941034917457798,0.0,0.05082310475237334
rrf_k5_w1-1_depth20,0.8814127555777956,1.4657694999868909,1.7445553499982223,-0.016941034917457798,-0.06776413966983112,0.03388206983491556
rrf_k5_w2-1_depth20,0.8644717206603377,1.4061945000065634,1.5552415500025063,-0.03388206983491571,-0.08470517458728889,0.0
rrf_k5_w1-2_depth20,0.8983537904952534,1.4421710000078747,1.9867703999977946,0.0,-0.06776413966983112,0.06776413966983112
rrf_k20_w1-1_depth20,0.8983537904952534,1.399387499986915,1.522333200001924,0.0,-0.06776413966983112,0.06776413966983112
rrf_k20_w2-1_depth20,0.8644717206603377,1.492923000000701,2.287960199996064,-0.03388206983491571,-0.08470517458728889,0.0
rrf_k20_w1-2_depth20,0.8983537904952534,1.4657615000004398,1.6464545499928818,0.0,-0.06776413966983112,0.06776413966983112
rrf_k61_w1-1_depth20,0.8983537904952534,1.5150465000033364,1.9734295499929997,0.0,-0.06776413966983112,0.06776413966983112
rrf_k61_w2-1_depth20,0.8644717206603377,1.4550114999991592,1.708380950009314,-0.03388206983491571,-0.08470517458728889,0.0
rrf_k61_w1-2_depth20,0.8983537904952534,1.4660869999971737,1.6492532499967183,0.0,-0.06776413966983112,0.06776413966983112
